amfi_code,scheme_name,fund_house,alpha_annual_pct,beta,r_squared,observations
119598,SBI Small Cap Fund - Regular Plan - Growth,SBI Mutual Fund,30.336965386983323,-0.023196062044059707,0.00014142575502721732,1149
149324,DSP Small Cap Fund - Regular - Growth,DSP Mutual Fund,30.05787817097677,0.011455159960520708,3.5329906267955625e-05,1149
120505,ICICI Pru Midcap Fund - Regular - Growth,ICICI Prudential MF,29.26358334175106,0.0005490042506317283,1.345534167566965e-07,1149
148569,Mirae Asset Tax Saver Fund - Regular - Growth,Mirae Asset MF,28.27036785246582,0.01813388408385924,0.00017488886568129544,1149
120843,Kotak Flexicap Fund - Regular - Growth,Kotak Mahindra MF,27.330465038306055,-0.022829569792426545,0.000343054342715145,1149
100033,HDFC Mid-Cap Opportunities Fund - Regular - Growth,HDFC Mutual Fund,27.19535450128533,0.0051035258305283,1.2066520635068112e-05,1149
148567,Mirae Asset Large Cap Fund - Regular - Growth,Mirae Asset MF,26.98375144191807,0.023683558075848606,0.00046254369066238394,1149
149323,DSP Midcap Fund - Regular - Growth,DSP Mutual Fund,26.598577542043046,-0.0025230046646992346,3.3579781920088265e-06,1149
119094,Axis Midcap Fund - Regular - Growth,Axis Mutual Fund,26.07666908004223,-0.06626542862803757,0.0019368789369602314,1149
119551,SBI Bluechip Fund - Regular Plan - Growth,SBI Mutual Fund,23.201007160635083,-0.03175144113890974,0.0008869788879322824,1149
118632,Nippon India Large Cap Fund - Regular - Growth,Nippon India MF,21.829397904608644,-0.00835383212696202,5.791756270127831e-05,1149
101206,ABSL Frontline Equity Fund - Regular - Growth,Aditya Birla Sun Life MF,21.399784776051213,0.02108631625012805,0.0003480482030714258,1149
120504,ICICI Pru Bluechip Fund - Direct - Growth,ICICI Prudential MF,21.19482701352573,0.01623216976141703,0.00021216129075887516,1149
148568,Mirae Asset Emerging Bluechip Fund - Regular - Growth,Mirae Asset MF,20.873010086942337,-0.026387719943843004,0.00048592647527973177,1149
119552,SBI Bluechip Fund - Direct Plan - Growth,SBI Mutual Fund,19.86859936686296,-0.026159307513513398,0.0005850821704543425,1149
125497,HDFC Top 100 Fund - Direct Plan - Growth,HDFC Mutual Fund,17.729754927531765,0.048820404259577385,0.0018401792783071574,1149
120503,ICICI Pru Bluechip Fund - Regular - Growth,ICICI Prudential MF,17.703302365844074,-0.04026895236982061,0.0013974446083318615,1149
118634,Nippon India Small Cap Fund - Regular - Growth,Nippon India MF,17.50072167561127,0.10349663691337592,0.0027930065610663247,1149
102885,UTI Nifty 50 Index Fund - Regular - Growth,UTI Mutual Fund,17.048756803412697,-0.019486785689474546,0.00038285030730923926,1149
120506,ICICI Pru Value Discovery Fund - Regular - Growth,ICICI Prudential MF,16.25385327998104,0.041896462728119754,0.0012571178108220732,1149
102887,UTI Flexi Cap Fund - Regular - Growth,UTI Mutual Fund,16.211256794033254,0.016682689437770803,0.00018619166432850108,1149
118633,Nippon India Large Cap Fund - Direct - Growth,Nippon India MF,15.643835948169668,-0.03663900671860935,0.0011382947171084277,1149
118635,Nippon India ETF Nifty 50 BeES,Nippon India MF,15.136354648239239,-0.0014335213897801293,2.0253408972328315e-06,1149
149322,DSP Top 100 Equity Fund - Regular - Growth,DSP Mutual Fund,13.173190226099432,-0.004050271130006511,1.322760788085031e-05,1149
120841,Kotak Bluechip Fund - Regular - Growth,Kotak Mahindra MF,13.042924450705446,0.0363563990221998,0.0012113711061211869,1149
125498,HDFC Mid-Cap Opportunities Fund - Direct - Growth,HDFC Mutual Fund,11.98910097121797,0.00905441262173916,4.043746553634249e-05,1149
101207,ABSL Small Cap Fund - Regular - Growth,Aditya Birla Sun Life MF,10.897091901704538,-0.06528924788351526,0.0010641052735572626,1149
119093,Axis Bluechip Fund - Direct - Growth,Axis Mutual Fund,8.232801295222094,0.02588321244009315,0.000569203809024487,1149
120842,Kotak Emerging Equity Fund - Regular - Growth,Kotak Mahindra MF,7.80443887615508,0.018056874208118173,0.00016915548838314384,1149
119092,Axis Bluechip Fund - Regular - Growth,Axis Mutual Fund,6.899529821677549,0.009730745001153639,8.082637693810776e-05,1149
120507,ICICI Pru Liquid Fund - Regular - Growth,ICICI Prudential MF,6.746210411099539,-0.0004440926329707229,0.00013430661440679839,1149
120844,Kotak Liquid Fund - Regular - Growth,Kotak Mahindra MF,6.4556774953759986,-0.00040074423947840073,0.00010125435692271747,1149
101208,ABSL Liquid Fund - Regular - Growth,Aditya Birla Sun Life MF,6.086145795787115,0.00026670968338238303,4.6076236771051865e-05,1149
119120,SBI Magnum Gilt Fund - Regular Plan - Growth,SBI Mutual Fund,5.620895216638369,-0.006413850728276473,0.0004342603321720048,1149
118636,Nippon India Gilt Securities Fund - Regular - Growth,Nippon India MF,5.074772999976104,0.0012566742731558512,1.6516652310332888e-05,1149
119599,SBI Small Cap Fund - Direct Plan - Growth,SBI Mutual Fund,4.882421594553985,0.062001804382671694,0.0010259205326765965,1149
119095,Axis Small Cap Fund - Regular - Growth,Axis Mutual Fund,4.801595363775955,-0.06695117463929198,0.0011851593464486706,1149
100025,HDFC Short Term Debt Fund - Regular - Growth,HDFC Mutual Fund,4.281792031506088,0.0011582183155281404,1.4612842041844878e-05,1149
100016,HDFC Top 100 Fund - Regular Plan - Growth,HDFC Mutual Fund,3.747580763443281,-0.05826843143880891,0.002665032698133324,1149
102886,UTI Mid Cap Fund - Regular - Growth,UTI Mutual Fund,2.8969397866379443,-0.04212502902189432,0.0008964294600687576,1149
