overall_rank,amfi_code,scheme_name,fund_house,cagr_1yr,cagr_3yr,cagr_5yr,sharpe_ratio,alpha_annual_pct,beta,expense_ratio_pct,max_drawdown_pct,score_3yr_return,score_sharpe,score_alpha,score_expense,score_drawdown,fund_score
1,148567,Mirae Asset Large Cap Fund - Regular - Growth,Mirae Asset MF,20.37595706234765,33.991970400445304,30.974107501859027,1.46250402900308,26.98375144191807,0.023683558075848606,1.46,-11.265729075028275,97.5,100.0,85.0,45.0,82.5,86.25
2,120505,ICICI Pru Midcap Fund - Regular - Growth,ICICI Prudential MF,29.627681171526877,31.769242852237323,32.82740607461121,1.1905585963067509,29.26358334175106,0.0005490042506317283,1.36,-18.188513572116292,90.0,90.0,95.0,65.0,40.0,82.25
3,120843,Kotak Flexicap Fund - Regular - Growth,Kotak Mahindra MF,26.677583918827153,29.57511058901836,30.907454754005492,1.3194419817117222,27.330465038306055,-0.022829569792426545,1.45,-12.97396816518679,85.0,97.5,90.0,47.5,70.0,82.0
4,100033,HDFC Mid-Cap Opportunities Fund - Regular - Growth,HDFC Mutual Fund,53.277195495404996,32.43397122906222,30.12315310072722,1.1043517629506803,27.19535450128533,0.0051035258305283,1.38,-16.217208574644847,92.5,85.0,87.5,60.0,52.5,80.75
5,120504,ICICI Pru Bluechip Fund - Direct - Growth,ICICI Prudential MF,13.073788394478303,32.478927222623,23.29511862010305,1.0405688566490552,21.19482701352573,0.01623216976141703,0.8,-12.588275606922517,95.0,77.5,70.0,72.5,72.5,80.0
6,119094,Axis Midcap Fund - Regular - Growth,Axis Mutual Fund,22.277897154308548,35.10252788903541,28.214417193652032,1.008625789131447,26.07666908004223,-0.06626542862803757,1.38,-20.960883862039193,100.0,75.0,80.0,60.0,32.5,77.0
7,119551,SBI Bluechip Fund - Regular Plan - Growth,SBI Mutual Fund,60.489297118400344,30.448613060027817,25.804686425584002,1.222947214685128,23.201007160635083,-0.03175144113890974,1.54,-15.012385498645331,87.5,92.5,77.5,26.25,60.0,74.8125
8,148569,Mirae Asset Tax Saver Fund - Regular - Growth,Mirae Asset MF,39.78380253854239,29.17135767741186,31.94952310833252,1.2463441409620546,28.27036785246582,0.01813388408385924,1.6,-16.39674294693263,82.5,95.0,92.5,11.25,50.0,73.6875
9,101206,ABSL Frontline Equity Fund - Regular - Growth,Aditya Birla Sun Life MF,47.96379447633372,28.960211096593724,23.53836133468803,1.0410608155745142,21.399784776051213,0.02108631625012805,1.6,-11.291596329323072,80.0,80.0,72.5,11.25,80.0,68.1875
10,119598,SBI Small Cap Fund - Regular Plan - Growth,SBI Mutual Fund,82.85157468100046,26.66309129954312,32.423536152454616,0.9533324621776287,30.336965386983323,-0.023196062044059707,1.43,-28.706005721764548,72.5,67.5,100.0,50.0,12.5,67.375
11,149323,DSP Midcap Fund - Regular - Growth,DSP Mutual Fund,21.497414349538225,26.863103668817146,29.581086910433996,1.1434895599140866,26.598577542043046,-0.0025230046646992346,1.61,-17.24810575345138,75.0,87.5,82.5,7.5,47.5,66.75
12,149324,DSP Small Cap Fund - Regular - Growth,DSP Mutual Fund,65.19546577826334,26.99350260734621,32.287440451573616,0.9579170598994395,30.05787817097677,0.011455159960520708,1.52,-31.171900300634213,77.5,70.0,97.5,36.25,10.0,66.6875
13,118632,Nippon India Large Cap Fund - Regular - Growth,Nippon India MF,34.007895823651204,22.646647456747715,24.049492662391756,1.0959175992660923,21.829397904608644,-0.00835383212696202,1.51,-17.41407508665723,67.5,82.5,75.0,41.25,45.0,66.5625
14,119552,SBI Bluechip Fund - Direct Plan - Growth,SBI Mutual Fund,5.7101178520777784,16.263375081360643,21.524235873769705,0.9677516848309506,19.86859936686296,-0.026159307513513398,0.66,-11.803493502764296,45.0,72.5,65.0,92.5,75.0,66.0
15,125497,HDFC Top 100 Fund - Direct Plan - Growth,HDFC Mutual Fund,28.6975804558778,18.429918008610045,19.017795344711462,0.7895427197023165,17.729754927531765,0.048820404259577385,0.92,-15.200013055606398,55.00000000000001,55.00000000000001,62.5,67.5,57.49999999999999,58.625
16,118635,Nippon India ETF Nifty 50 BeES,Nippon India MF,22.510248103762276,20.00321571698329,15.957231179671737,0.6803950621402518,15.136354648239239,-0.0014335213897801293,0.89,-11.650624505409091,60.0,52.5,45.0,70.0,77.5,58.375
17,118633,Nippon India Large Cap Fund - Direct - Growth,Nippon India MF,25.559539940517382,21.084691029380597,16.274217354504273,0.6596198173038668,15.643835948169668,-0.03663900671860935,0.72,-18.62974313859551,65.0,47.5,47.5,88.75,37.5,57.9375
18,102885,UTI Nifty 50 Index Fund - Regular - Growth,UTI Mutual Fund,20.222858595384665,19.662361245910965,18.23237888770595,0.8328147683762688,17.048756803412697,-0.019486785689474546,1.57,-10.85986215250232,57.49999999999999,60.0,55.00000000000001,17.5,85.0,54.375
19,148568,Mirae Asset Emerging Bluechip Fund - Regular - Growth,Mirae Asset MF,14.279834500870736,14.744434832760533,22.516869007113847,0.9393621577599311,20.873010086942337,-0.026387719943843004,1.52,-15.27259422823477,42.5,65.0,67.5,36.25,55.00000000000001,53.4375
20,120503,ICICI Pru Bluechip Fund - Regular - Growth,ICICI Prudential MF,8.495135972254552,13.974980348212673,18.785325598262204,0.8125023019488139,17.703302365844074,-0.04026895236982061,1.42,-13.897862823061635,40.0,57.49999999999999,60.0,52.5,67.5,53.0
21,120507,ICICI Pru Liquid Fund - Regular - Growth,ICICI Prudential MF,7.430320855847317,7.392538786263403,7.237539728384412,0.9041623305389642,6.746210411099539,-0.0004440926329707229,0.74,-0.09773140045925555,30.0,62.5,25.0,85.0,100.0,52.375
22,120506,ICICI Pru Value Discovery Fund - Regular - Growth,ICICI Prudential MF,41.85299002066023,18.417429266835228,17.08486725575018,0.6621241011051734,16.25385327998104,0.041896462728119754,1.41,-19.82565826298267,52.5,50.0,52.5,55.00000000000001,35.0,50.5
23,119093,Axis Bluechip Fund - Direct - Growth,Axis Mutual Fund,19.781538524100494,20.8115598266319,7.897557854375958,0.14404122210428397,8.232801295222094,0.02588321244009315,0.75,-21.751396370148225,62.5,27.500000000000004,32.5,82.5,25.0,47.0
24,102887,UTI Flexi Cap Fund - Regular - Growth,UTI Mutual Fund,13.59304393755194,25.549670172502026,16.84112024730753,0.632319243278044,16.211256794033254,0.016682689437770803,1.64,-21.539827112383225,70.0,45.0,50.0,3.75,27.500000000000004,45.5625
25,120844,Kotak Liquid Fund - Regular - Growth,Kotak Mahindra MF,7.125369741102916,6.694394239074852,6.915272985067156,0.30425182333434436,6.4556774953759986,-0.00040074423947840073,0.6,-0.11629327956168556,27.500000000000004,32.5,22.5,95.0,97.5,44.875
26,149322,DSP Top 100 Equity Fund - Regular - Growth,DSP Mutual Fund,18.12461925339035,18.03973982038829,13.393275924001857,0.4780917280523983,13.173190226099432,-0.004050271130006511,1.54,-14.844576917771747,50.0,40.0,42.5,26.25,62.5,43.6875
27,125498,HDFC Mid-Cap Opportunities Fund - Direct - Growth,HDFC Mutual Fund,15.455077019290385,11.242518737374208,11.301817123279978,0.31160409740522227,11.98910097121797,0.00905441262173916,0.78,-21.11727956013212,37.5,35.0,37.5,77.5,30.0,42.125
28,120841,Kotak Bluechip Fund - Regular - Growth,Kotak Mahindra MF,16.849551529398422,17.263014444437943,13.53221114899239,0.5092559163430059,13.042924450705446,0.0363563990221998,1.59,-17.57361416468729,47.5,42.5,40.0,15.0,42.5,39.375
29,118634,Nippon India Small Cap Fund - Regular - Growth,Nippon India MF,15.822866445588701,8.0060298597036,16.373474033415757,0.4564261243061777,17.50072167561127,0.10349663691337592,1.53,-23.34488614483311,35.0,37.5,57.49999999999999,31.25,22.5,38.3125
30,119120,SBI Magnum Gilt Fund - Regular Plan - Growth,SBI Mutual Fund,5.525880326360788,5.838988442093762,5.889418716346717,-0.17572336328229415,5.620895216638369,-0.006413850728276473,0.77,-4.328728923970093,22.5,15.0,17.5,80.0,90.0,35.0
31,118636,Nippon India Gilt Securities Fund - Regular - Growth,Nippon India MF,10.462462788080341,4.061259859840338,5.316889625171273,-0.30601321923949243,5.074772999976104,0.0012566742731558512,0.55,-8.316361763638703,20.0,7.5,15.0,100.0,87.5,34.625
32,101208,ABSL Liquid Fund - Regular - Growth,Aditya Birla Sun Life MF,7.241777200393584,6.314299292105274,6.509026855465327,-0.41722938246152713,6.086145795787115,0.00026670968338238303,0.79,-0.16224980244717857,25.0,5.0,20.0,75.0,95.0,33.5
33,100025,HDFC Short Term Debt Fund - Regular - Growth,HDFC Mutual Fund,3.7075527018896492,3.9154793546847033,4.458209619173137,-0.5154378235861931,4.281792031506088,0.0011582183155281404,0.56,-4.308263824636349,17.5,2.5,7.5,97.5,92.5,31.25
34,120842,Kotak Emerging Equity Fund - Regular - Growth,Kotak Mahindra MF,22.518986942465922,7.75416750547262,6.701543482038463,0.08727318479040212,7.80443887615508,0.018056874208118173,1.56,-24.003511326274886,32.5,25.0,30.0,20.0,20.0,27.0
35,119599,SBI Small Cap Fund - Direct Plan - Growth,SBI Mutual Fund,13.957994357447735,-1.337083602283895,2.054484701809378,-0.049101169454301964,4.882421594553985,0.062001804382671694,0.72,-52.57422117012851,7.5,20.0,12.5,88.75,2.5,23.3125
36,119092,Axis Bluechip Fund - Regular - Growth,Axis Mutual Fund,1.61022963455828,0.5257668501786883,6.367989237605243,0.04524532299034367,6.899529821677549,0.009730745001153639,1.64,-14.401617909337261,12.5,22.5,27.500000000000004,3.75,65.0,21.9375
37,101207,ABSL Small Cap Fund - Regular - Growth,Aditya Birla Sun Life MF,-24.000309180292632,-4.151453816140693,7.938764837247714,0.17048069518831582,10.897091901704538,-0.06528924788351526,1.53,-35.44691649336603,5.0,30.0,35.0,31.25,7.5,21.4375
38,119095,Axis Small Cap Fund - Regular - Growth,Axis Mutual Fund,-42.81949516662213,-11.703299329834216,1.5215045330823962,-0.0679256784693741,4.801595363775955,-0.06695117463929198,1.38,-51.677753708526566,2.5,17.5,10.0,60.0,5.0,16.625
39,100016,HDFC Top 100 Fund - Regular Plan - Growth,HDFC Mutual Fund,-2.2257773892688015,1.2923525892154508,2.637074367211101,-0.18765046878624,3.747580763443281,-0.05826843143880891,1.55,-24.734440880673304,15.0,12.5,5.0,22.5,17.5,13.75
40,102886,UTI Mid Cap Fund - Regular - Growth,UTI Mutual Fund,-16.807959958672036,-0.7672319440258146,1.1717454918341197,-0.1947073805832031,2.8969397866379443,-0.04212502902189432,1.51,-28.00112356639287,10.0,10.0,2.5,41.25,15.0,13.6875
