amfi_code,sharpe_ratio
148567,1.46250402900308
120843,1.3194419817117222
148569,1.2463441409620546
119551,1.222947214685128
120505,1.1905585963067509
149323,1.1434895599140866
100033,1.1043517629506803
118632,1.0959175992660923
101206,1.0410608155745142
120504,1.0405688566490552
119094,1.008625789131447
119552,0.9677516848309506
149324,0.9579170598994395
119598,0.9533324621776287
148568,0.9393621577599311
120507,0.9041623305389642
102885,0.8328147683762688
120503,0.8125023019488139
125497,0.7895427197023165
118635,0.6803950621402518
120506,0.6621241011051734
118633,0.6596198173038668
102887,0.632319243278044
120841,0.5092559163430059
149322,0.4780917280523983
118634,0.4564261243061777
125498,0.31160409740522227
120844,0.30425182333434436
101207,0.17048069518831582
119093,0.14404122210428397
120842,0.08727318479040212
119092,0.04524532299034367
119599,-0.049101169454301964
119095,-0.0679256784693741
119120,-0.17572336328229415
100016,-0.18765046878624
102886,-0.1947073805832031
118636,-0.30601321923949243
101208,-0.41722938246152713
100025,-0.5154378235861931
