amfi_code,sortino_ratio
148567,2.409055982185162
120843,2.3872948193012524
148569,2.1667572553946624
119551,2.166271744040442
120505,2.047335934410806
120507,1.918995139070102
149323,1.893929072818848
118632,1.8745209746203788
100033,1.8469503846584172
120504,1.8299932374310812
101206,1.8238221245494706
119094,1.7215395040309869
119598,1.6895374158843341
148568,1.6557875841042122
119552,1.6342152696671461
149324,1.633643228346097
102885,1.4633559194130312
120503,1.362304341034919
125497,1.3542397613311947
118633,1.1802639217756734
118635,1.1645718432365222
120506,1.1182652693628488
102887,1.1112531868716369
120841,0.8887219510725977
149322,0.7852114290495582
118634,0.7593103107066205
120844,0.643569798664919
125498,0.5274180707346514
101207,0.2899434627844258
119093,0.245694880564703
120842,0.14318971047142431
119092,0.0772693998927021
119599,-0.08104211157829276
119095,-0.11460687214622653
119120,-0.29220634613009644
100016,-0.32689151971851854
102886,-0.32845657532234623
118636,-0.5264477441439438
100025,-0.8560302343201754
101208,-0.8599882960465483
